Evaluation,Model,Accuracy Mean,Balanced Accuracy Mean,Failure Recall / Specificity Mean,Success Recall Mean,Precision Mean,F1 Mean,ROC AUC Mean,Accuracy SD,Balanced Accuracy SD,Failure Recall / Specificity SD,Success Recall SD,Precision SD,F1 SD,ROC AUC SD,Accuracy,Balanced Accuracy,Failure Recall / Specificity,Success Recall,Precision,F1,ROC AUC
Repeated nested stratified CV,Decision Tree,0.8288888888888889,0.8,0.7133333333333333,0.8866666666666667,0.871102675102675,0.8727544880240532,0.8463888888888889,0.05983516452371669,0.08246070893776333,0.20138409955990957,0.09586352181520776,0.07599493899444805,0.046496189305049354,0.10559057654907977,,,,,,,
Repeated nested stratified CV,SVM,0.8377777777777777,0.7916666666666665,0.6533333333333333,0.93,0.8466933066933067,0.8841432776563211,0.8783333333333334,0.07335297155680874,0.09001028747788696,0.16611018208584502,0.0748455199183749,0.06303603271518199,0.054103205180943546,0.09806840750945399,,,,,,,
Repeated nested stratified CV,Logistic Regression,0.8066666666666668,0.7666666666666667,0.6466666666666667,0.8866666666666667,0.8407563547563548,0.858475594614725,0.8644444444444445,0.05809032274577081,0.07511565157216647,0.1755942292142123,0.08962369891612043,0.06188304769528874,0.04445823642110825,0.08316727281503052,,,,,,,
Repeated nested stratified CV,KNN,0.8,0.7366666666666667,0.5466666666666666,0.9266666666666667,0.8095952380952381,0.8610813630813631,0.8344444444444444,0.05782405554072593,0.08481324800428906,0.18954135676924425,0.0650854139658888,0.06326042035540762,0.03786356963896302,0.10979545141882416,,,,,,,
Temporal holdout,Logistic Regression,,,,,,,,,,,,,,,0.8888888888888888,0.6666666666666666,0.3333333333333333,1.0,0.8823529411764706,0.9375,0.5888888888888889
Temporal holdout,SVM,,,,,,,,,,,,,,,0.8888888888888888,0.6666666666666666,0.3333333333333333,1.0,0.8823529411764706,0.9375,0.5333333333333334
Temporal holdout,Decision Tree,,,,,,,,,,,,,,,0.8888888888888888,0.6666666666666666,0.3333333333333333,1.0,0.8823529411764706,0.9375,0.6666666666666667
Temporal holdout,KNN,,,,,,,,,,,,,,,0.8333333333333334,0.5,0.0,1.0,0.8333333333333334,0.9090909090909091,0.5888888888888889
Temporal holdout,Majority Baseline,,,,,,,,,,,,,,,0.8333333333333334,0.5,0.0,1.0,0.8333333333333334,0.9090909090909091,0.5
