Flight No.,Launch site,Payload,Payload mass,Orbit,Customer,Launch outcome,Version Booster,Booster landing,Date,Time
1,CCAFS,Dragon Spacecraft Qualification Unit,0,LEO,SpaceX,Success,F9 v1.07B0003.1,Failure,4 June 2010,18:45
1,CCAFS,Dragon,0,LEO,NASA,Success,F9 v1.07B0003.1,Failure,4 June 2010,18:45
2,CCAFS,Dragon,525 kg,LEO,NASA,Success,F9 v1.07B0004.1,No,8 December 2010,15:43
3,CCAFS,SpaceX CRS-1,"4,700 kg",LEO,NASA,Success,F9 v1.07B0005.1,No attempt,22 May 2012,07:44
4,CCAFS,SpaceX CRS-2,"4,877 kg",LEO,NASA,Success,F9 v1.07B0006.1,No,8 October 2012,00:35
5,VAFB,CASSIOPE,500 kg,Polar orbit,MDA,Success,F9 v1.07B0007.1,Uncontrolled,1 March 2013,15:10
6,CCAFS,SES-8,"3,170 kg",GTO,SES,Success,F9 v1.17B1003,No,29 September 2013,16:00
7,CCAFS,Thaicom 6,"3,325 kg",GTO,Thaicom,Success,F9 v1.1,No,3 December 2013,22:41
8,Cape Canaveral,SpaceX CRS-3,"2,296 kg",LEO,NASA,Success,F9 v1.1,Controlled,6 January 2014,22:06
9,Cape Canaveral,Orbcomm-OG2,"1,316 kg",LEO,Orbcomm,Success,F9 v1.1,Controlled,18 April 2014,19:25
10,Cape Canaveral,AsiaSat 8,"4,535 kg",GTO,AsiaSat,Success,F9 v1.1,No,14 July 2014,15:15
11,Cape Canaveral,AsiaSat 6,"4,428 kg",GTO,AsiaSat,Success,F9 v1.1,No,5 August 2014,08:00
12,Cape Canaveral,SpaceX CRS-4,"2,216 kg",LEO,NASA,Success,F9 v1.1[,Uncontrolled,7 September 2014,05:00
13,Cape Canaveral,SpaceX CRS-5,"2,395 kg",LEO,NASA,Success,F9 v1.1[,Failure ,21 September 2014,05:52
14,Cape Canaveral,DSCOVR,570 kg,HEO,USAF,Success,F9 v1.1[,Controlled,10 January 2015,09:47
15,Cape Canaveral,ABS-3A,"4,159 kg",GTO,ABS,Success,F9 v1.1[,No,11 February 2015,23:03
16,Cape Canaveral,SpaceX CRS-6,"1,898 kg",LEO,NASA,Success,F9 v1.1[,Failure,2 March 2015,03:50
17,Cape Canaveral,TürkmenÄlem 52°E / MonacoSAT,"4,707 kg",GTO,,Success,F9 v1.1[,No,14 April 2015,20:10
18,Cape Canaveral,SpaceX CRS-7,"1,952 kg",LEO,NASA,Failure,F9 v1.1[,Precluded,27 April 2015,23:03
19,Cape Canaveral,Orbcomm-OG2,"2,034 kg",LEO,Orbcomm,Success,F9 v1.1[,Success,28 June 2015,14:21
20,VAFB,Jason-3,553 kg,LEO,NASA,Success,F9 FT[,Failure,22 December 2015,01:29
21,Cape Canaveral,SES-9,"5,271 kg",GTO,SES,Success,F9 v1.1[,Failure,17 January 2016,18:42
22,Cape Canaveral,SpaceX CRS-8,"3,136 kg",LEO,NASA,Success,F9 FT[,Success,4 March 2016,23:35
23,Cape Canaveral,JCSAT-14,"4,696 kg",GTO,SKY Perfect JSAT Group,Success,F9 FT[,Success,8 April 2016,20:43
24,Cape Canaveral,Thaicom 8,"3,100 kg",GTO,Thaicom,Success,F9 FT[,Success,6 May 2016,05:21
25,Cape Canaveral,ABS-2A,"3,600 kg",GTO,ABS,Success,F9 FT[,Failure,27 May 2016,21:39
26,Cape Canaveral,SpaceX CRS-9,"2,257 kg",LEO,NASA,Success,F9 FT[,Success,15 June 2016,14:29
27,Cape Canaveral,JCSAT-16,"4,600 kg",GTO,SKY Perfect JSAT Group,Success,F9 FT[,Success,18 July 2016,04:45
28,VAFB,Iridium NEXT,"9,600 kg",Polar,Iridium Communications,Success,F9 FT[,Success,14 August 2016,05:26
29,KSC,SpaceX CRS-10,"2,490 kg",LEO,NASA,Success,F9 FT[,Success,14 January 2017,17:54
30,KSC,EchoStar 23,"5,600 kg",GTO,EchoStar,Success,F9 FT[,No,19 February 2017,14:39
31,KSC,SES-10,"5,300 kg",GTO,SES,Success,F9 FT[,Success,16 March 2017,06:00
32,KSC,NROL-76,C,LEO,NRO,Success,F9 FT♺[,Success,30 March 2017,22:27
33,KSC,Inmarsat-5 F4,"6,070 kg",GTO,Inmarsat,Success,F9 FT[,No,1 May 2017,11:15
34,KSC,SpaceX CRS-11,"2,708 kg",LEO,NASA,Success,F9 FT[,Success,15 May 2017,23:21
35,KSC,BulgariaSat-1,"3,669 kg",GTO,Bulsatcom,Success,F9 FT[,Success,3 June 2017,21:07
36,VAFB,Iridium NEXT,"9,600 kg",LEO,Iridium Communications,Success,F9 FTB1029.2,Success,23 June 2017,19:10
37,KSC,Intelsat 35e,"6,761 kg",GTO,Intelsat,Success,F9 FT[,No,25 June 2017,20:25
38,KSC,SpaceX CRS-12,"3,310 kg",LEO,NASA,Success,F9 FT[,Success,5 July 2017,23:38
39,VAFB,Formosat-5,475 kg,SSO,NSPO,Success,F9 B4[,Success,14 August 2017,16:31
40,KSC,Boeing X-37B,"4,990 kg",LEO,USAF,Success,F9 FT[,Success,24 August 2017,18:51
41,VAFB,Iridium NEXT,"9,600 kg",Polar,Iridium Communications,Success,F9 B4[,Success,7 September 2017,14:00
42,KSC,SES-11,"5,200 kg",GTO,SES S.A.,Success,F9 B4[,Success,9 October 2017,12:37
43,KSC,Koreasat 5A,"3,500 kg",GTO,KT Corporation,Success,F9 FTB1031.2,Success,11 October 2017,22:53:00
44,Cape Canaveral,SpaceX CRS-13,"2,205 kg",LEO,NASA,Success,F9 B4[,Success,30 October 2017,19:34
45,VAFB,Iridium NEXT,"9,600 kg",Polar,Iridium Communications,Success,F9 FTB1035.2,Controlled,15 December 2017,15:36
46,CCAFS,Zuma,C,LEO,Northrop Grumman,Success,F9 FTB1036.2,Success,23 December 2017,01:27
47,CCAFS,GovSat-1,"4,230 kg",GTO,SES,Success,F9 B4[,Controlled,8 January 2018,01:00
48,VAFB,Paz,"2,150 kg",SSO,Hisdesat,Success,F9 FTB1032.2,No,31 January 2018,21:25
49,CCAFS,Hispasat 30W-6,"6,092 kg",GTO,Hispasat,Success,F9 FTB1038.2,No attempt,22 February 2018,14:17
50,VAFB,Iridium NEXT,"9,600 kg",Polar,Iridium Communications,Success,F9 B4[,No attempt,6 March 2018,05:33
51,CCAFS,SpaceX CRS-14,"2,647 kg",LEO,NASA,Success,F9 B4B1041.2,No,30 March 2018,14:14
52,CCAFS,Transiting Exoplanet Survey Satellite,362 kg,HEO,NASA,Success,F9 B4B1039.2,Success,2 April 2018,20:30
53,KSC,Bangabandhu-1,"3,600 kg",GTO,Thales-Alenia,Success,F9 B4[,Success,18 April 2018,22:51
54,VAFB,Iridium NEXT,"6,460 kg",Polar,Iridium Communications,Success,F9 B5311B1046.1,No,11 May 2018,20:14
55,CCAFS,SES-12,"5,384 kg",GTO,SES,Success,F9 B4B1043.2,No,22 May 2018,19:47
56,CCAFS,SpaceX CRS-15,"2,697 kg",LEO,NASA,Success,F9 B4B1040.2,No,4 June 2018,04:45
57,CCAFS,Telstar 19V,"7,075 kg",GTO,Telesat,Success,F9 B4B1045.2,Success,29 June 2018,09:42
58,VAFB,Iridium NEXT,"9,600 kg",Polar,Iridium Communications,Success,F9 B5,Success,22 July 2018,05:50
59,CCAFS,Merah Putih,"5,800 kg",GTO,Telkom Indonesia,Success,F9 B5349B1048[,Success,25 July 2018,11:39
60,CCAFS,Telstar 18V,"7,060 kg",GTO,Telesat,Success,F9 B5B1046.2,Success,7 August 2018,05:18
61,VAFB,SAOCOM 1A,"3,000 kg",SSO,CONAE,Success,F9 B5[,Success,10 September 2018,04:45
62,KSC,Es'hail 2,"5,300 kg",GTO,Es'hailSat,Success,F9 B5B1048.2,Success,8 October 2018,02:22
63,VAFB,SSO-A,"~4,000 kg",SSO,Spaceflight Industries,Success,F9 B5B1047.2,Success,15 November 2018,20:46
64,CCAFS,SpaceX CRS-16,"2,500 kg",LEO,NASA,Success,F9 B5B1046.3268,Failure,3 December 2018,18:34:05
65,CCAFS,GPS III,"4,400 kg",MEO,USAF,Success,F9 B5[,No,5 December 2018,18:16
66,VAFB,Iridium NEXT,"9,600 kg",Polar,Iridium Communications,Success,F9 B5[,Success,23 December 2018,13:51
67,CCAFS,Nusantara Satu,"4,850 kg",GTO,PSN,Success,F9 B5B1049.2,Success,11 January 2019,15:31
68,KSC,Crew Dragon Demo-1,"12,055 kg",LEO,NASA,Success,F9 B5B1048.3,Success,22 February 2019,01:45
69,CCAFS,SpaceX CRS-17,"2,495 kg",LEO,NASA,Success,F9 B5[],Success,2 March 2019,07:49
70,CCAFS,Starlink,"13,620 kg",LEO,SpaceX,Success,F9 B5[,Success,4 May 2019,06:48
71,VAFB,RADARSAT Constellation,"4,200 kg",SSO,Canadian Space Agency,Success,F9 B5B1049.3,Success,24 May 2019,02:30
72,CCAFS,SpaceX CRS-18,"2,268 kg",LEO,NASA,Success,F9 B5B1051.2,Success,12 June 2019,14:17
73,CCAFS,AMOS-17,"6,500 kg",GTO,Spacecom,Success,F9 B5B1056.2,No,25 July 2019,22:01
74,CCAFS,Starlink,"15,600 kg",LEO,SpaceX,Success,F9 B5B1047.3,Success,6 August 2019,23:23
75,CCAFS,SpaceX CRS-19,"2,617 kg",LEO,NASA,Success,F9 B5,Success,11 November 2019,14:56
76,CCAFS,JCSat-18,"6,956 kg",GTO,Sky Perfect JSAT,Success,F9 B5[,Success,5 December 2019,17:29
77,CCAFS,Starlink,"15,600 kg",LEO,SpaceX,Success,F9 B5B1056.3,Success,17 December 2019,00:10
78,KSC,Crew Dragon in-flight abort test,"12,050 kg",Sub-orbital,NASA,Success,F9 B5,No,7 January 2020,02:19:21
79,CCAFS,Starlink,"15,600 kg",LEO,SpaceX,Success,F9 B5,Success,19 January 2020,15:30
80,CCAFS,Starlink,"15,600 kg",LEO,SpaceX,Success,F9 B5,Failure,29 January 2020,14:07
81,CCAFS,SpaceX CRS-20,"1,977 kg",LEO,NASA,Success,F9 B5,Success,17 February 2020,15:05
82,KSC,Starlink,"15,600 kg",LEO,SpaceX,Success,F9 B5,Failure,7 March 2020,04:50
83,KSC,Starlink,"15,600 kg",LEO,SpaceX,Success,F9 B5,Success,18 March 2020,12:16
84,KSC,Crew Dragon Demo-2,"12,530 kg",LEO,NASA,Success,F9 B5,Success,22 April 2020,19:30
85,CCAFS,Starlink,"15,600 kg",LEO,SpaceX,Success,F9 B5[,Success,30 May 2020,19:22
86,CCAFS,Starlink,"15,410 kg",LEO,SpaceX,Success,F9 B5,Success,4 June 2020,01:25
87,CCAFS,GPS III,"4,311 kg",MEO,U.S. Space Force,Success,F9 B5,Success,13 June 2020,09:21
88,CCAFS,ANASIS-II,"5,000–6,000 kg",GTO,Republic of Korea Army,Success,F9 B5,Success,30 June 2020,20:10:46
89,KSC,Starlink,"14,932 kg",LEO,SpaceX,Success,F9 B5B1058.2,Success,20 July 2020,21:30
90,CCAFS,Starlink,"~15,440 kg",LEO,SpaceX,Success,F9 B5,Success,7 August 2020,05:12
91,CCAFS,SAOCOM 1B,"3,130 kg",SSO,CONAE,Success,F9 B5B1049.6,Success,18 August 2020,14:31
92,KSC,Starlink,"15,600 kg",LEO,SpaceX,Success,F9 B5,Success,30 August 2020,23:18
93,KSC,Starlink,"15,600 kg",LEO,SpaceX,Success,F9 B5B1060.2,Success,3 September 2020,12:46:14
94,KSC,Starlink,"15,600 kg",LEO,SpaceX,Success,F9 B5B1058.3,Success,6 October 2020,11:29:34
95,CCAFS,Starlink,"15,600 kg",LEO,SpaceX,Success,F9 B5B1051.6,Success,18 October 2020,12:25:57
96,CCAFS,GPS III,"4,311 kg",MEO,USSF,Success,F9 B5,Success,24 October 2020,15:31:34
97,KSC,Crew-1,"~12,500 kg",LEO,NASA,Success,F9 B5,Success,5 November 2020,23:24:23
98,VAFB,Sentinel-6 Michael Freilich (Jason-CS A),"1,192 kg",LEO,NASA,Success,F9 B5[,Success,16 November 2020,00:27
99,CCAFS,Starlink,"15,600 kg",LEO,SpaceX,Success,F9 B5,Success,21 November 2020,17:17:08
100,KSC,SpaceX CRS-21,"2,972 kg",LEO,NASA,Success,F9 B5 ♺[,Success,25 November 2020,02:13
101,CCSFS,SXM-7,"7,000 kg",GTO,Sirius XM,Success,F9 B5 ♺[,Success,6 December 2020,16:17:08
102,KSC,NROL-108,C,LEO,NRO,Success,F9 B5 ♺,Success,13 December 2020,17:30:00
103,CCSFS,Türksat 5A,"3,500 kg",GTO,Türksat,Success,F9 B5 ♺,Success,19 December 2020,14:00:00
104,KSC,Starlink,"15,600 kg",LEO,SpaceX,Success,F9 B5,Success,8 January 2021,02:15
105,CCSFS,Transporter-1,"~5,000 kg",SSO,"<td id=""mwzQ""><a href=""https://en.wikipedia.org/wiki/SpaceX"" id=""mwzg"" rel=""mw:WikiLink"" title=""SpaceX"">SpaceX</a></td>",Success,F9 B5B1051.8,Failure,20 January 2021,13:02
106,CCAFS,Dragon Spacecraft Qualification Unit,0,LEO,"<td id=""mwAQQ""><span about=""#mwt97"" class=""mw-empty-elt"" data-mw='{""parts"":[{""template"":{""target"":{""wt"":""plainlist"",""href"":""./Template:Plainlist""},""params"":{""1"":{""wt"":""\n* [[NASA]] ([[Commercial Orbital Transportation Services|COTS]])\n* [[National Reconnaissance Office|NRO]]\n""}},""i"":0}}]}' id=""mwAQU"" typeof=""mw:Transclusion""><style about=""#mwt98"" data-mw='{""name"":""templatestyles"",""attrs"":{""src"":""Plainlist/styles.css""}}' data-mw-deduplicate=""TemplateStyles:r1126788409"" typeof=""mw:Extension/templatestyles"">.mw-parser-output .plainlist ol,.mw-parser-output .plainlist ul{line-height:inherit;list-style:none;margin:0;padding:0}.mw-parser-output .plainlist ol li,.mw-parser-output .plainlist ul li{margin-bottom:0}</style></span><div about=""#mwt97"" class=""plainlist"" id=""mwAQY"">
<ul><li><a href=""https://en.wikipedia.org/wiki/NASA"" rel=""mw:WikiLink"" title=""NASA"">NASA</a> (<a href=""https://en.wikipedia.org/wiki/Commercial_Orbital_Transportation_Services"" rel=""mw:WikiLink"" title=""Commercial Orbital Transportation Services"">COTS</a>)</li>
<li><a href=""https://en.wikipedia.org/wiki/National_Reconnaissance_Office"" rel=""mw:WikiLink"" title=""National Reconnaissance Office"">NRO</a></li></ul>
</div></td>",Success,F9 B5B1058.5,Failure,24 January 2021,15:00
1,CCAFS,Dragon,0,LEO,"<td id=""mwAVA""><a href=""https://en.wikipedia.org/wiki/NASA"" id=""mwAVE"" rel=""mw:WikiLink"" title=""NASA"">NASA</a> (<a href=""https://en.wikipedia.org/wiki/Commercial_Orbital_Transportation_Services"" id=""mwAVI"" rel=""mw:WikiLink"" title=""Commercial Orbital Transportation Services"">COTS</a>)</td>",Success,F9 v1.07B0003.1,No,4 June 2010,18:45
2,CCAFS,Dragon,525 kg,LEO,"<td id=""mwAYU""><a href=""https://en.wikipedia.org/wiki/NASA"" id=""mwAYY"" rel=""mw:WikiLink"" title=""NASA"">NASA</a> (<a href=""https://en.wikipedia.org/wiki/Commercial_Resupply_Services"" id=""mwAYc"" rel=""mw:WikiLink"" title=""Commercial Resupply Services"">CRS</a>)</td>",Success,F9 v1.07B0004.1,No attempt,8 December 2010,15:43
3,CCAFS,SpaceX CRS-1,"4,700 kg",LEO,"<td id=""mwAdE""><a href=""https://en.wikipedia.org/wiki/NASA"" id=""mwAdI"" rel=""mw:WikiLink"" title=""NASA"">NASA</a> (<a href=""https://en.wikipedia.org/wiki/Commercial_Resupply_Services"" id=""mwAdM"" rel=""mw:WikiLink"" title=""Commercial Resupply Services"">CRS</a>)</td>",Success,F9 v1.07B0005.1,No,22 May 2012,07:44
4,CCAFS,SpaceX CRS-2,"4,877 kg",LEO,"<td id=""mwAgM""><a href=""https://en.wikipedia.org/wiki/Maxar_Technologies"" id=""mwAgQ"" rel=""mw:WikiLink"" title=""Maxar Technologies"">MDA</a></td>",Success,F9 v1.07B0006.1,Uncontrolled,8 October 2012,00:35
5,VAFB,CASSIOPE,500 kg,Polar orbit,"<td id=""mwAkY""><a class=""mw-redirect"" href=""https://en.wikipedia.org/wiki/SES_S.A."" id=""mwAkc"" rel=""mw:WikiLink"" title=""SES S.A."">SES</a></td>",Success,F9 v1.07B0007.1,No,1 March 2013,15:10
6,CCAFS,SES-8,"3,170 kg",GTO,"<td id=""mwApw""><a href=""https://en.wikipedia.org/wiki/Thaicom"" id=""mwAp0"" rel=""mw:WikiLink"" title=""Thaicom"">Thaicom</a></td>",Success,F9 v1.17B1003,No,29 September 2013,16:00
7,CCAFS,Thaicom 6,"3,325 kg",GTO,"<td id=""mwAtM""><a href=""https://en.wikipedia.org/wiki/NASA"" id=""mwAtQ"" rel=""mw:WikiLink"" title=""NASA"">NASA</a> (<a href=""https://en.wikipedia.org/wiki/Commercial_Resupply_Services"" id=""mwAtU"" rel=""mw:WikiLink"" title=""Commercial Resupply Services"">CRS</a>)</td>",Success,F9 v1.1,Controlled,3 December 2013,22:41
8,Cape Canaveral,SpaceX CRS-3,"2,296 kg",LEO,"<td id=""mwAws""><a href=""https://en.wikipedia.org/wiki/Orbcomm"" id=""mwAww"" rel=""mw:WikiLink"" title=""Orbcomm"">Orbcomm</a></td>",Success,F9 v1.1,Controlled,6 January 2014,22:06
9,Cape Canaveral,Orbcomm-OG2,"1,316 kg",LEO,"<td id=""mwA0s""><a href=""https://en.wikipedia.org/wiki/AsiaSat"" id=""mwA0w"" rel=""mw:WikiLink"" title=""AsiaSat"">AsiaSat</a></td>",Success,F9 v1.1,No,18 April 2014,19:25
10,Cape Canaveral,AsiaSat 8,"4,535 kg",GTO,"<td id=""mwA34""><a href=""https://en.wikipedia.org/wiki/AsiaSat"" id=""mwA38"" rel=""mw:WikiLink"" title=""AsiaSat"">AsiaSat</a></td>",Success,F9 v1.1,No,14 July 2014,15:15
11,Cape Canaveral,AsiaSat 6,"4,428 kg",GTO,"<td id=""mwA7U""><a href=""https://en.wikipedia.org/wiki/NASA"" id=""mwA7Y"" rel=""mw:WikiLink"" title=""NASA"">NASA</a> (<a href=""https://en.wikipedia.org/wiki/Commercial_Resupply_Services"" id=""mwA7c"" rel=""mw:WikiLink"" title=""Commercial Resupply Services"">CRS</a>)</td>",Success,F9 v1.1,Uncontrolled,5 August 2014,08:00
12,Cape Canaveral,SpaceX CRS-4,"2,216 kg",LEO,"<td id=""mwBB0""><a href=""https://en.wikipedia.org/wiki/NASA"" id=""mwBB4"" rel=""mw:WikiLink"" title=""NASA"">NASA</a> (<a href=""https://en.wikipedia.org/wiki/Commercial_Resupply_Services"" id=""mwBB8"" rel=""mw:WikiLink"" title=""Commercial Resupply Services"">CRS</a>)</td>",Success,F9 v1.1[,Failure ,7 September 2014,05:00
13,Cape Canaveral,SpaceX CRS-5,"2,395 kg",LEO,"<td id=""mwBFU""><span about=""#mwt388"" class=""mw-empty-elt"" data-mw='{""parts"":[{""template"":{""target"":{""wt"":""plainlist"",""href"":""./Template:Plainlist""},""params"":{""1"":{""wt"":""\n* [[United States Air Force|USAF]]\n* [[NASA]]\n* [[NOAA]]\n""}},""i"":0}}]}' id=""mwBFY"" typeof=""mw:Transclusion""><link about=""#mwt389"" data-mw='{""name"":""templatestyles"",""attrs"":{""src"":""Plainlist/styles.css""}}' href=""mw-data:TemplateStyles:r1126788409"" rel=""mw-deduplicated-inline-style"" typeof=""mw:Extension/templatestyles""/></span><div about=""#mwt388"" class=""plainlist"" id=""mwBFc"">
<ul><li><a href=""https://en.wikipedia.org/wiki/United_States_Air_Force"" rel=""mw:WikiLink"" title=""United States Air Force"">USAF</a></li>
<li><a href=""https://en.wikipedia.org/wiki/NASA"" rel=""mw:WikiLink"" title=""NASA"">NASA</a></li>
<li><a class=""mw-redirect"" href=""https://en.wikipedia.org/wiki/NOAA"" rel=""mw:WikiLink"" title=""NOAA"">NOAA</a></li></ul>
</div></td>",Success,F9 v1.1[,Controlled,21 September 2014,05:52
14,Cape Canaveral,DSCOVR,570 kg,HEO,"<td id=""mwBIw""><span about=""#mwt413"" class=""mw-empty-elt"" data-mw='{""parts"":[{""template"":{""target"":{""wt"":""plainlist"",""href"":""./Template:Plainlist""},""params"":{""1"":{""wt"":""\n* [[Asia Broadcast Satellite|ABS]]\n* [[Eutelsat]]\n""}},""i"":0}}]}' id=""mwBI0"" typeof=""mw:Transclusion""><link about=""#mwt414"" data-mw='{""name"":""templatestyles"",""attrs"":{""src"":""Plainlist/styles.css""}}' href=""mw-data:TemplateStyles:r1126788409"" rel=""mw-deduplicated-inline-style"" typeof=""mw:Extension/templatestyles""/></span><div about=""#mwt413"" class=""plainlist"" id=""mwBI4"">
<ul><li><a class=""mw-redirect"" href=""https://en.wikipedia.org/wiki/Asia_Broadcast_Satellite"" rel=""mw:WikiLink"" title=""Asia Broadcast Satellite"">ABS</a></li>
<li><a href=""https://en.wikipedia.org/wiki/Eutelsat"" rel=""mw:WikiLink"" title=""Eutelsat"">Eutelsat</a></li></ul>
</div></td>",Success,F9 v1.1[,No,10 January 2015,09:47
15,Cape Canaveral,ABS-3A,"4,159 kg",GTO,"<td id=""mwBM0""><a href=""https://en.wikipedia.org/wiki/NASA"" id=""mwBM4"" rel=""mw:WikiLink"" title=""NASA"">NASA</a> (<a href=""https://en.wikipedia.org/wiki/Commercial_Resupply_Services"" id=""mwBM8"" rel=""mw:WikiLink"" title=""Commercial Resupply Services"">CRS</a>)</td>",Success,F9 v1.1[,Failure,11 February 2015,23:03
16,Cape Canaveral,SpaceX CRS-6,"1,898 kg",LEO,"<td id=""mwBQE""><a href=""https://en.wikipedia.org/wiki/Turkmenistan_National_Space_Agency"" id=""mwBQI"" rel=""mw:WikiLink"" title=""Turkmenistan National Space Agency"">Turkmenistan National<br id=""mwBQM""/>Space Agency</a><sup about=""#mwt463"" class=""mw-ref reference"" data-mw='{""name"":""ref"",""attrs"":{},""body"":{""id"":""mw-reference-text-cite_note-95""}}' id=""cite_ref-95"" rel=""dc:references"" typeof=""mw:Extension/ref""><a href=""#cite_note-95"" id=""mwBQQ""><span class=""mw-reflink-text"" id=""mwBQU""><span class=""cite-bracket"" id=""mwBQY"">[</span>88<span class=""cite-bracket"" id=""mwBQc"">]</span></span></a></sup><!-- While satellite producer Thales Alenia Space was the organization which assists with contracting the LSP, Turkmenistan NSA is the customer of the satellite --></td>",Success,F9 v1.1[,No,2 March 2015,03:50
17,Cape Canaveral,TürkmenÄlem 52°E / MonacoSAT,"4,707 kg",GTO,"<td id=""mwBTw""><a href=""https://en.wikipedia.org/wiki/NASA"" id=""mwBT0"" rel=""mw:WikiLink"" title=""NASA"">NASA</a> (<a href=""https://en.wikipedia.org/wiki/Commercial_Resupply_Services"" id=""mwBT4"" rel=""mw:WikiLink"" title=""Commercial Resupply Services"">CRS</a>)</td>",Failure,F9 v1.1[,Precluded,14 April 2015,20:10
18,Cape Canaveral,SpaceX CRS-7,"1,952 kg",LEO,"<td id=""mwBXw""><a href=""https://en.wikipedia.org/wiki/Orbcomm"" id=""mwBX0"" rel=""mw:WikiLink"" title=""Orbcomm"">Orbcomm</a></td>",Success,F9 v1.1[,Success,27 April 2015,23:03
19,Cape Canaveral,Orbcomm-OG2,"2,034 kg",LEO,"<td id=""mwBfM""><span about=""#mwt550"" class=""mw-empty-elt"" data-mw='{""parts"":[{""template"":{""target"":{""wt"":""plainlist"",""href"":""./Template:Plainlist""},""params"":{""1"":{""wt"":""\n* [[NASA]] ([[Launch Services Program|LSP]])\n* [[NOAA]]\n* [[CNES]]\n""}},""i"":0}}]}' id=""mwBfQ"" typeof=""mw:Transclusion""><link about=""#mwt551"" data-mw='{""name"":""templatestyles"",""attrs"":{""src"":""Plainlist/styles.css""}}' href=""mw-data:TemplateStyles:r1126788409"" rel=""mw-deduplicated-inline-style"" typeof=""mw:Extension/templatestyles""/></span><div about=""#mwt550"" class=""plainlist"" id=""mwBfU"">
<ul><li><a href=""https://en.wikipedia.org/wiki/NASA"" rel=""mw:WikiLink"" title=""NASA"">NASA</a> (<a class=""mw-redirect"" href=""https://en.wikipedia.org/wiki/Launch_Services_Program"" rel=""mw:WikiLink"" title=""Launch Services Program"">LSP</a>)</li>
<li><a class=""mw-redirect"" href=""https://en.wikipedia.org/wiki/NOAA"" rel=""mw:WikiLink"" title=""NOAA"">NOAA</a></li>
<li><a href=""https://en.wikipedia.org/wiki/CNES"" rel=""mw:WikiLink"" title=""CNES"">CNES</a></li></ul>
</div></td>",Success,F9 v1.1[,Failure,28 June 2015,14:21
20,VAFB,Jason-3,553 kg,LEO,"<td id=""mwBi0""><a class=""mw-redirect"" href=""https://en.wikipedia.org/wiki/SES_S.A."" id=""mwBi4"" rel=""mw:WikiLink"" title=""SES S.A."">SES</a></td>",Success,F9 FT[,Failure,22 December 2015,01:29
21,Cape Canaveral,SES-9,"5,271 kg",GTO,"<td id=""mwBnE""><a href=""https://en.wikipedia.org/wiki/NASA"" id=""mwBnI"" rel=""mw:WikiLink"" title=""NASA"">NASA</a> (<a href=""https://en.wikipedia.org/wiki/Commercial_Resupply_Services"" id=""mwBnM"" rel=""mw:WikiLink"" title=""Commercial Resupply Services"">CRS</a>)</td>",Success,F9 v1.1[,Success,17 January 2016,18:42
22,Cape Canaveral,SpaceX CRS-8,"3,136 kg",LEO,"<td id=""mwBrg""><a href=""https://en.wikipedia.org/wiki/SKY_Perfect_JSAT"" id=""mwBrk"" rel=""mw:WikiLink"" title=""SKY Perfect JSAT"">SKY Perfect JSAT Group</a></td>",Success,F9 FT[,Success,4 March 2016,23:35
23,Cape Canaveral,JCSAT-14,"4,696 kg",GTO,"<td id=""mwBvA""><a href=""https://en.wikipedia.org/wiki/Thaicom"" id=""mwBvE"" rel=""mw:WikiLink"" title=""Thaicom"">Thaicom</a></td>",Success,F9 FT[,Success,8 April 2016,20:43
24,Cape Canaveral,Thaicom 8,"3,100 kg",GTO,"<td id=""mwByg""><span about=""#mwt676"" class=""mw-empty-elt"" data-mw='{""parts"":[{""template"":{""target"":{""wt"":""plainlist"",""href"":""./Template:Plainlist""},""params"":{""1"":{""wt"":""\n* [[Asia Broadcast Satellite|ABS]]\n* [[Eutelsat]]\n""}},""i"":0}}]}' id=""mwByk"" typeof=""mw:Transclusion""><link about=""#mwt677"" data-mw='{""name"":""templatestyles"",""attrs"":{""src"":""Plainlist/styles.css""}}' href=""mw-data:TemplateStyles:r1126788409"" rel=""mw-deduplicated-inline-style"" typeof=""mw:Extension/templatestyles""/></span><div about=""#mwt676"" class=""plainlist"" id=""mwByo"">
<ul><li><a class=""mw-redirect"" href=""https://en.wikipedia.org/wiki/Asia_Broadcast_Satellite"" rel=""mw:WikiLink"" title=""Asia Broadcast Satellite"">ABS</a></li>
<li><a href=""https://en.wikipedia.org/wiki/Eutelsat"" rel=""mw:WikiLink"" title=""Eutelsat"">Eutelsat</a></li></ul>
</div></td>",Success,F9 FT[,Failure,6 May 2016,05:21
25,Cape Canaveral,ABS-2A,"3,600 kg",GTO,"<td id=""mwB3E""><a href=""https://en.wikipedia.org/wiki/NASA"" id=""mwB3I"" rel=""mw:WikiLink"" title=""NASA"">NASA</a> (<a href=""https://en.wikipedia.org/wiki/Commercial_Resupply_Services"" id=""mwB3M"" rel=""mw:WikiLink"" title=""Commercial Resupply Services"">CRS</a>)</td>",Success,F9 FT[,Success,27 May 2016,21:39
26,Cape Canaveral,SpaceX CRS-9,"2,257 kg",LEO,"<td id=""mwB5Q""><a class=""mw-redirect"" href=""https://en.wikipedia.org/wiki/SKY_Perfect_JSAT_Group"" id=""mwB5U"" rel=""mw:WikiLink"" title=""SKY Perfect JSAT Group"">SKY Perfect JSAT Group</a></td>",Success,F9 FT[,Success,15 June 2016,14:29
27,Cape Canaveral,JCSAT-16,"4,600 kg",GTO,"<td id=""mwCBs""><a href=""https://en.wikipedia.org/wiki/Iridium_Communications"" id=""mwCBw"" rel=""mw:WikiLink"" title=""Iridium Communications"">Iridium Communications</a></td>",Success,F9 FT[,Success,18 July 2016,04:45
28,VAFB,Iridium NEXT,"9,600 kg",Polar,"<td id=""mwCF0""><a href=""https://en.wikipedia.org/wiki/NASA"" id=""mwCF4"" rel=""mw:WikiLink"" title=""NASA"">NASA</a> (<a href=""https://en.wikipedia.org/wiki/Commercial_Resupply_Services"" id=""mwCF8"" rel=""mw:WikiLink"" title=""Commercial Resupply Services"">CRS</a>)</td>",Success,F9 FT[,Success,14 August 2016,05:26
29,KSC,SpaceX CRS-10,"2,490 kg",LEO,"<td id=""mwCIw""><a href=""https://en.wikipedia.org/wiki/EchoStar"" id=""mwCI0"" rel=""mw:WikiLink"" title=""EchoStar"">EchoStar</a></td>",Success,F9 FT[,No,14 January 2017,17:54
30,KSC,EchoStar 23,"5,600 kg",GTO,"<td id=""mwCMk""><a class=""mw-redirect"" href=""https://en.wikipedia.org/wiki/SES_S.A."" id=""mwCMo"" rel=""mw:WikiLink"" title=""SES S.A."">SES</a></td>",Success,F9 FT[,Success,19 February 2017,14:39
31,KSC,SES-10,"5,300 kg",GTO,"<td id=""mwCQU""><a href=""https://en.wikipedia.org/wiki/National_Reconnaissance_Office"" id=""mwCQY"" rel=""mw:WikiLink"" title=""National Reconnaissance Office"">NRO</a></td>",Success,F9 FT[,Success,16 March 2017,06:00
32,KSC,NROL-76,C,LEO,"<td id=""mwCTU""><a href=""https://en.wikipedia.org/wiki/Inmarsat"" id=""mwCTY"" rel=""mw:WikiLink"" title=""Inmarsat"">Inmarsat</a></td>",Success,F9 FT♺[,No,30 March 2017,22:27
33,KSC,Inmarsat-5 F4,"6,070 kg",GTO,"<td id=""mwCW4""><a href=""https://en.wikipedia.org/wiki/NASA"" id=""mwCW8"" rel=""mw:WikiLink"" title=""NASA"">NASA</a> (<a href=""https://en.wikipedia.org/wiki/Commercial_Resupply_Services"" id=""mwCXA"" rel=""mw:WikiLink"" title=""Commercial Resupply Services"">CRS</a>)</td>",Success,F9 FT[,Success,1 May 2017,11:15
34,KSC,SpaceX CRS-11,"2,708 kg",LEO,"<td id=""mwCcc""><a href=""https://en.wikipedia.org/wiki/Bulsatcom"" id=""mwCcg"" rel=""mw:WikiLink"" title=""Bulsatcom"">Bulsatcom</a></td>",Success,F9 FT[,Success,15 May 2017,23:21
35,KSC,BulgariaSat-1,"3,669 kg",GTO,"<td id=""mwCew""><a href=""https://en.wikipedia.org/wiki/Iridium_Communications"" id=""mwCe0"" rel=""mw:WikiLink"" title=""Iridium Communications"">Iridium Communications</a></td>",Success,F9 FT[,Success,3 June 2017,21:07
36,VAFB,Iridium NEXT,"9,600 kg",LEO,"<td id=""mwChU""><a href=""https://en.wikipedia.org/wiki/Intelsat"" id=""mwChY"" rel=""mw:WikiLink"" title=""Intelsat"">Intelsat</a></td>",Success,F9 FTB1029.2,No,23 June 2017,19:10
37,KSC,Intelsat 35e,"6,761 kg",GTO,"<td id=""mwCk4""><a href=""https://en.wikipedia.org/wiki/NASA"" id=""mwCk8"" rel=""mw:WikiLink"" title=""NASA"">NASA</a> (<a href=""https://en.wikipedia.org/wiki/Commercial_Resupply_Services"" id=""mwClA"" rel=""mw:WikiLink"" title=""Commercial Resupply Services"">CRS</a>)</td>",Success,F9 FT[,Success,25 June 2017,20:25
38,KSC,SpaceX CRS-12,"3,310 kg",LEO,"<td id=""mwCoo""><a class=""mw-redirect"" href=""https://en.wikipedia.org/wiki/National_Space_Organization"" id=""mwCos"" rel=""mw:WikiLink"" title=""National Space Organization"">NSPO</a></td>",Success,F9 FT[,Success,5 July 2017,23:38
39,VAFB,Formosat-5,475 kg,SSO,"<td id=""mwCr0""><a href=""https://en.wikipedia.org/wiki/United_States_Air_Force"" id=""mwCr4"" rel=""mw:WikiLink"" title=""United States Air Force"">USAF</a></td>",Success,F9 B4[,Success,14 August 2017,16:31
40,KSC,Boeing X-37B,"4,990 kg",LEO,"<td id=""mwCug""><a href=""https://en.wikipedia.org/wiki/Iridium_Communications"" id=""mwCuk"" rel=""mw:WikiLink"" title=""Iridium Communications"">Iridium Communications</a></td>",Success,F9 FT[,Success,24 August 2017,18:51
41,VAFB,Iridium NEXT,"9,600 kg",Polar,"<td id=""mwCwk""><span about=""#mwt1037"" class=""mw-empty-elt"" data-mw='{""parts"":[{""template"":{""target"":{""wt"":""plainlist"",""href"":""./Template:Plainlist""},""params"":{""1"":{""wt"":""\n* [[SES S.A.]]\n* [[EchoStar]]\n""}},""i"":0}}]}' id=""mwCwo"" typeof=""mw:Transclusion""><link about=""#mwt1038"" data-mw='{""name"":""templatestyles"",""attrs"":{""src"":""Plainlist/styles.css""}}' href=""mw-data:TemplateStyles:r1126788409"" rel=""mw-deduplicated-inline-style"" typeof=""mw:Extension/templatestyles""/></span><div about=""#mwt1037"" class=""plainlist"" id=""mwCws"">
<ul><li><a class=""mw-redirect"" href=""https://en.wikipedia.org/wiki/SES_S.A."" rel=""mw:WikiLink"" title=""SES S.A."">SES S.A.</a></li>
<li><a href=""https://en.wikipedia.org/wiki/EchoStar"" rel=""mw:WikiLink"" title=""EchoStar"">EchoStar</a></li></ul>
</div></td>",Success,F9 B4[,Success,7 September 2017,14:00
42,KSC,SES-11,"5,200 kg",GTO,"<td id=""mwCzM""><a href=""https://en.wikipedia.org/wiki/KT_Corporation"" id=""mwCzQ"" rel=""mw:WikiLink"" title=""KT Corporation"">KT Corporation</a></td>",Success,F9 B4[,Success,9 October 2017,12:37
43,KSC,Koreasat 5A,"3,500 kg",GTO,"<td id=""mwC2Q""><a href=""https://en.wikipedia.org/wiki/NASA"" id=""mwC2U"" rel=""mw:WikiLink"" title=""NASA"">NASA</a> (<a href=""https://en.wikipedia.org/wiki/Commercial_Resupply_Services"" id=""mwC2Y"" rel=""mw:WikiLink"" title=""Commercial Resupply Services"">CRS</a>)</td>",Success,F9 FTB1031.2,Success,11 October 2017,22:53:00
44,Cape Canaveral,SpaceX CRS-13,"2,205 kg",LEO,"<td id=""mwC5U""><a href=""https://en.wikipedia.org/wiki/Iridium_Communications"" id=""mwC5Y"" rel=""mw:WikiLink"" title=""Iridium Communications"">Iridium Communications</a></td>",Success,F9 B4[,Controlled,30 October 2017,19:34
45,VAFB,Iridium NEXT,"9,600 kg",Polar,"<td id=""mwDAg""><a href=""https://en.wikipedia.org/wiki/Northrop_Grumman"" id=""mwDAk"" rel=""mw:WikiLink"" title=""Northrop Grumman"">Northrop Grumman</a> <sup about=""#mwt1131"" class=""mw-ref reference"" data-mw='{""name"":""ref"",""attrs"":{""group"":""lower-alpha""},""body"":{""id"":""mw-reference-text-cite_note-249""},""parts"":[{""template"":{""target"":{""wt"":""efn"",""href"":""./Template:Efn""},""params"":{""1"":{""wt"":""Unspecified U.S. government agency""}},""i"":0}}]}' id=""cite_ref-249"" rel=""dc:references"" typeof=""mw:Transclusion mw:Extension/ref""><a data-mw-group=""lower-alpha"" href=""#cite_note-249"" id=""mwDAo""><span class=""mw-reflink-text"" id=""mwDAs""><span class=""cite-bracket"" id=""mwDAw"">[</span>f<span class=""cite-bracket"" id=""mwDA0"">]</span></span></a></sup><sup about=""#mwt1134"" class=""mw-ref reference"" data-mw='{""name"":""ref"",""attrs"":{""name"":""zuma""}}' id=""cite_ref-zuma_246-2"" rel=""dc:references"" typeof=""mw:Extension/ref""><a href=""#cite_note-zuma-246"" id=""mwDA4""><span class=""mw-reflink-text"" id=""mwDA8""><span class=""cite-bracket"" id=""mwDBA"">[</span>238<span class=""cite-bracket"" id=""mwDBE"">]</span></span></a></sup></td>",Success,F9 FTB1035.2,Success,15 December 2017,15:36
46,CCAFS,Zuma,C,LEO,"<td id=""mwDEk""><a class=""mw-redirect"" href=""https://en.wikipedia.org/wiki/SES_S.A."" id=""mwDEo"" rel=""mw:WikiLink"" title=""SES S.A."">SES</a></td>",Success,F9 FTB1036.2,Controlled,23 December 2017,01:27
47,CCAFS,GovSat-1,"4,230 kg",GTO,"<td id=""mwDR4""><span about=""#mwt1253"" class=""mw-empty-elt"" data-mw='{""parts"":[{""template"":{""target"":{""wt"":""plainlist"",""href"":""./Template:Plainlist""},""params"":{""1"":{""wt"":""\n* [[Hisdesat]]\n* [[exactEarth]]\n* [[SpaceX]]\n""}},""i"":0}}]}' id=""mwDR8"" typeof=""mw:Transclusion""><link about=""#mwt1254"" data-mw='{""name"":""templatestyles"",""attrs"":{""src"":""Plainlist/styles.css""}}' href=""mw-data:TemplateStyles:r1126788409"" rel=""mw-deduplicated-inline-style"" typeof=""mw:Extension/templatestyles""/></span><div about=""#mwt1253"" class=""plainlist"" id=""mwDSA"">
<ul><li><a href=""https://en.wikipedia.org/wiki/Hisdesat"" rel=""mw:WikiLink"" title=""Hisdesat"">Hisdesat</a></li>
<li><a href=""https://en.wikipedia.org/wiki/ExactEarth"" rel=""mw:WikiLink"" title=""ExactEarth"">exactEarth</a></li>
<li><a href=""https://en.wikipedia.org/wiki/SpaceX"" rel=""mw:WikiLink"" title=""SpaceX"">SpaceX</a></li></ul>
</div></td>",Success,F9 B4[,No,8 January 2018,01:00
48,VAFB,Paz,"2,150 kg",SSO,"<td id=""mwDX4""><span about=""#mwt1300"" class=""mw-empty-elt"" data-mw='{""parts"":[{""template"":{""target"":{""wt"":""plainlist"",""href"":""./Template:Plainlist""},""params"":{""1"":{""wt"":""\n* [[Hispasat]]&lt;ref name=\""spx20150914\""/&gt;\n* [[NovaWurks]]\n""}},""i"":0}}]}' id=""mwDX8"" typeof=""mw:Transclusion""><link about=""#mwt1301"" data-mw='{""name"":""templatestyles"",""attrs"":{""src"":""Plainlist/styles.css""}}' href=""mw-data:TemplateStyles:r1126788409"" rel=""mw-deduplicated-inline-style"" typeof=""mw:Extension/templatestyles""/></span><div about=""#mwt1300"" class=""plainlist"" id=""mwDYA"">
<ul><li><a href=""https://en.wikipedia.org/wiki/Hispasat"" rel=""mw:WikiLink"" title=""Hispasat"">Hispasat</a><sup about=""#mwt1302"" class=""mw-ref reference"" data-mw='{""name"":""ref"",""attrs"":{""name"":""spx20150914""}}' id=""cite_ref-spx20150914_286-1"" rel=""dc:references"" typeof=""mw:Extension/ref""><a href=""#cite_note-spx20150914-286"" id=""mwDYE""><span class=""mw-reflink-text"" id=""mwDYI""><span class=""cite-bracket"" id=""mwDYM"">[</span>277<span class=""cite-bracket"" id=""mwDYQ"">]</span></span></a></sup></li>
<li><a href=""https://en.wikipedia.org/wiki/NovaWurks"" rel=""mw:WikiLink"" title=""NovaWurks"">NovaWurks</a></li></ul>
</div></td>",Success,F9 FTB1032.2,No attempt,31 January 2018,21:25
49,CCAFS,Hispasat 30W-6,"6,092 kg",GTO,"<td id=""mwDcQ""><a href=""https://en.wikipedia.org/wiki/Iridium_Communications"" id=""mwDcU"" rel=""mw:WikiLink"" title=""Iridium Communications"">Iridium Communications</a></td>",Success,F9 FTB1038.2,No attempt,22 February 2018,14:17
50,VAFB,Iridium NEXT,"9,600 kg",Polar,"<td id=""mwDgM""><a href=""https://en.wikipedia.org/wiki/NASA"" id=""mwDgQ"" rel=""mw:WikiLink"" title=""NASA"">NASA</a> (<a href=""https://en.wikipedia.org/wiki/Commercial_Resupply_Services"" id=""mwDgU"" rel=""mw:WikiLink"" title=""Commercial Resupply Services"">CRS</a>)</td>",Success,F9 B4[,No,6 March 2018,05:33
51,CCAFS,SpaceX CRS-14,"2,647 kg",LEO,"<td id=""mwDmc""><a href=""https://en.wikipedia.org/wiki/NASA"" id=""mwDmg"" rel=""mw:WikiLink"" title=""NASA"">NASA</a> (<a class=""mw-redirect"" href=""https://en.wikipedia.org/wiki/Launch_Services_Program"" id=""mwDmk"" rel=""mw:WikiLink"" title=""Launch Services Program"">LSP</a>)</td>",Success,F9 B4B1041.2,Success,30 March 2018,14:14
52,CCAFS,Transiting Exoplanet Survey Satellite,362 kg,HEO,"<td id=""mwDro""><a href=""https://en.wikipedia.org/wiki/Thales_Alenia_Space"" id=""mwDrs"" rel=""mw:WikiLink"" title=""Thales Alenia Space"">Thales-Alenia</a> / <a href=""https://en.wikipedia.org/wiki/Bangladesh_Telecommunication_Regulatory_Commission"" id=""mwDrw"" rel=""mw:WikiLink"" title=""Bangladesh Telecommunication Regulatory Commission"">BTRC</a></td>",Success,F9 B4B1039.2,Success,2 April 2018,20:30
53,KSC,Bangabandhu-1,"3,600 kg",GTO,"<td id=""mwDxQ""><span about=""#mwt1505"" class=""mw-empty-elt"" data-mw='{""parts"":[{""template"":{""target"":{""wt"":""plainlist"",""href"":""./Template:Plainlist""},""params"":{""1"":{""wt"":""\n* [[Iridium Communications]]\n* [[GFZ German Research Centre for Geosciences|GFZ]]{{•}}[[NASA]]""}},""i"":0}}]}' id=""mwDxU"" typeof=""mw:Transclusion""><link about=""#mwt1506"" data-mw='{""name"":""templatestyles"",""attrs"":{""src"":""Plainlist/styles.css""}}' href=""mw-data:TemplateStyles:r1126788409"" rel=""mw-deduplicated-inline-style"" typeof=""mw:Extension/templatestyles""/></span><div about=""#mwt1505"" class=""plainlist"" id=""mwDxY"">
<ul><li><a href=""https://en.wikipedia.org/wiki/Iridium_Communications"" rel=""mw:WikiLink"" title=""Iridium Communications"">Iridium Communications</a></li>
<li><a class=""mw-redirect"" href=""https://en.wikipedia.org/wiki/GFZ_German_Research_Centre_for_Geosciences"" rel=""mw:WikiLink"" title=""GFZ German Research Centre for Geosciences"">GFZ</a><span typeof=""mw:Entity""> </span><span typeof=""mw:Entity"">•</span><span typeof=""mw:Entity""> </span><a href=""https://en.wikipedia.org/wiki/NASA"" rel=""mw:WikiLink"" title=""NASA"">NASA</a></li></ul>
</div></td>",Success,F9 B4[,No,18 April 2018,22:51
54,VAFB,Iridium NEXT,"6,460 kg",Polar,"<td id=""mwD1E""><a class=""mw-redirect"" href=""https://en.wikipedia.org/wiki/SES_S.A."" id=""mwD1I"" rel=""mw:WikiLink"" title=""SES S.A."">SES</a></td>",Success,F9 B5311B1046.1,No,11 May 2018,20:14
55,CCAFS,SES-12,"5,384 kg",GTO,"<td id=""mwD40""><a href=""https://en.wikipedia.org/wiki/NASA"" id=""mwD44"" rel=""mw:WikiLink"" title=""NASA"">NASA</a> (<a href=""https://en.wikipedia.org/wiki/Commercial_Resupply_Services"" id=""mwD48"" rel=""mw:WikiLink"" title=""Commercial Resupply Services"">CRS</a>)</td>",Success,F9 B4B1043.2,No,22 May 2018,19:47
56,CCAFS,SpaceX CRS-15,"2,697 kg",LEO,"<td id=""mwD8c""><a href=""https://en.wikipedia.org/wiki/Telesat"" id=""mwD8g"" rel=""mw:WikiLink"" title=""Telesat"">Telesat</a></td>",Success,F9 B4B1040.2,Success,4 June 2018,04:45
57,CCAFS,Telstar 19V,"7,075 kg",GTO,"<td id=""mwEBA""><a href=""https://en.wikipedia.org/wiki/Iridium_Communications"" id=""mwEBE"" rel=""mw:WikiLink"" title=""Iridium Communications"">Iridium Communications</a></td>",Success,F9 B4B1045.2,Success,29 June 2018,09:42
58,VAFB,Iridium NEXT,"9,600 kg",Polar,"<td id=""mwEFk""><a href=""https://en.wikipedia.org/wiki/Telkom_Indonesia"" id=""mwEFo"" rel=""mw:WikiLink"" title=""Telkom Indonesia"">Telkom Indonesia</a></td>",Success,F9 B5,Success,22 July 2018,05:50
59,CCAFS,Merah Putih,"5,800 kg",GTO,"<td id=""mwEJg""><a href=""https://en.wikipedia.org/wiki/Telesat"" id=""mwEJk"" rel=""mw:WikiLink"" title=""Telesat"">Telesat</a></td>",Success,F9 B5349B1048[,Success,25 July 2018,11:39
60,CCAFS,Telstar 18V,"7,060 kg",GTO,"<td id=""mwENc""><a class=""mw-redirect"" href=""https://en.wikipedia.org/wiki/Comisión_Nacional_de_Actividades_Espaciales"" id=""mwENg"" rel=""mw:WikiLink"" title=""Comisión Nacional de Actividades Espaciales"">CONAE</a></td>",Success,F9 B5B1046.2,Success,7 August 2018,05:18
61,VAFB,SAOCOM 1A,"3,000 kg",SSO,"<td id=""mwERA""><a href=""https://en.wikipedia.org/wiki/Es'hailSat"" id=""mwERE"" rel=""mw:WikiLink"" title=""Es'hailSat"">Es'hailSat</a></td>",Success,F9 B5[,Success,10 September 2018,04:45
62,KSC,Es'hail 2,"5,300 kg",GTO,"<td id=""mwEUQ""><a href=""https://en.wikipedia.org/wiki/Spaceflight_Industries"" id=""mwEUU"" rel=""mw:WikiLink"" title=""Spaceflight Industries"">Spaceflight Industries</a></td>",Success,F9 B5B1048.2,Success,8 October 2018,02:22
63,VAFB,SSO-A,"~4,000 kg",SSO,"<td id=""mwEZY""><a href=""https://en.wikipedia.org/wiki/NASA"" id=""mwEZc"" rel=""mw:WikiLink"" title=""NASA"">NASA</a> (<a href=""https://en.wikipedia.org/wiki/Commercial_Resupply_Services"" id=""mwEZg"" rel=""mw:WikiLink"" title=""Commercial Resupply Services"">CRS</a>)</td>",Success,F9 B5B1047.2,Failure,15 November 2018,20:46
64,CCAFS,SpaceX CRS-16,"2,500 kg",LEO,"<td id=""mwEc0""><a href=""https://en.wikipedia.org/wiki/United_States_Air_Force"" id=""mwEc4"" rel=""mw:WikiLink"" title=""United States Air Force"">USAF</a></td>",Success,F9 B5B1046.3268,No,3 December 2018,18:34:05
65,CCAFS,GPS III,"4,400 kg",MEO,"<td id=""mwEj0""><a href=""https://en.wikipedia.org/wiki/Iridium_Communications"" id=""mwEj4"" rel=""mw:WikiLink"" title=""Iridium Communications"">Iridium Communications</a></td>",Success,F9 B5[,Success,5 December 2018,18:16
66,VAFB,Iridium NEXT,"9,600 kg",Polar,"<td id=""mwEm4""><span about=""#mwt1833"" class=""mw-empty-elt"" data-mw='{""parts"":[{""template"":{""target"":{""wt"":""plainlist"",""href"":""./Template:Plainlist""},""params"":{""1"":{""wt"":""\n* [[PT Pasifik Satelit Nusantara|PSN]]\n* [[SpaceIL]] / [[Israel Aerospace Industries|IAI]]\n* [[Air Force Research Laboratory|Air Force Research]]\n""}},""i"":0}}]}' id=""mwEm8"" typeof=""mw:Transclusion""><link about=""#mwt1834"" data-mw='{""name"":""templatestyles"",""attrs"":{""src"":""Plainlist/styles.css""}}' href=""mw-data:TemplateStyles:r1126788409"" rel=""mw-deduplicated-inline-style"" typeof=""mw:Extension/templatestyles""/></span><div about=""#mwt1833"" class=""plainlist"" id=""mwEnA"">
<ul><li><a href=""https://en.wikipedia.org/wiki/PT_Pasifik_Satelit_Nusantara"" rel=""mw:WikiLink"" title=""PT Pasifik Satelit Nusantara"">PSN</a></li>
<li><a href=""https://en.wikipedia.org/wiki/SpaceIL"" rel=""mw:WikiLink"" title=""SpaceIL"">SpaceIL</a> / <a href=""https://en.wikipedia.org/wiki/Israel_Aerospace_Industries"" rel=""mw:WikiLink"" title=""Israel Aerospace Industries"">IAI</a></li>
<li><a href=""https://en.wikipedia.org/wiki/Air_Force_Research_Laboratory"" rel=""mw:WikiLink"" title=""Air Force Research Laboratory"">Air Force Research</a></li></ul>
</div></td>",Success,F9 B5[,Success,23 December 2018,13:51
67,CCAFS,Nusantara Satu,"4,850 kg",GTO,"<td id=""mwEuM""><span about=""#mwt1890"" class=""nowrap"" data-mw='{""parts"":[{""template"":{""target"":{""wt"":""nobr"",""href"":""./Template:Nobr""},""params"":{""1"":{""wt"":"" [[NASA]] ([[Commercial Crew Development|CCD]]) ""}},""i"":0}}]}' id=""mwEuQ"" typeof=""mw:Transclusion""> <a href=""https://en.wikipedia.org/wiki/NASA"" rel=""mw:WikiLink"" title=""NASA"">NASA</a> (<a class=""mw-redirect"" href=""https://en.wikipedia.org/wiki/Commercial_Crew_Development"" rel=""mw:WikiLink"" title=""Commercial Crew Development"">CCD</a>) </span></td>",Success,F9 B5B1049.2,Success,11 January 2019,15:31
68,KSC,Crew Dragon Demo-1,"12,055 kg",LEO,"<td id=""mwE38""><a href=""https://en.wikipedia.org/wiki/NASA"" id=""mwE4A"" rel=""mw:WikiLink"" title=""NASA"">NASA</a> (<a href=""https://en.wikipedia.org/wiki/Commercial_Resupply_Services"" id=""mwE4E"" rel=""mw:WikiLink"" title=""Commercial Resupply Services"">CRS</a>)</td>",Success,F9 B5B1048.3,Success,22 February 2019,01:45
69,CCAFS,SpaceX CRS-17,"2,495 kg",LEO,"<td id=""mwE6w""><a href=""https://en.wikipedia.org/wiki/SpaceX"" id=""mwE60"" rel=""mw:WikiLink"" title=""SpaceX"">SpaceX</a></td>",Success,F9 B5[],Success,2 March 2019,07:49
70,CCAFS,Starlink,"13,620 kg",LEO,"<td id=""mwE_E""><a href=""https://en.wikipedia.org/wiki/Canadian_Space_Agency"" id=""mwE_I"" rel=""mw:WikiLink"" title=""Canadian Space Agency"">Canadian Space Agency</a> (CSA)</td>",Success,F9 B5[,Success,4 May 2019,06:48
71,VAFB,RADARSAT Constellation,"4,200 kg",SSO,"<td id=""mwFLs""><a href=""https://en.wikipedia.org/wiki/NASA"" id=""mwFLw"" rel=""mw:WikiLink"" title=""NASA"">NASA</a> (<a href=""https://en.wikipedia.org/wiki/Commercial_Resupply_Services"" id=""mwFL0"" rel=""mw:WikiLink"" title=""Commercial Resupply Services"">CRS</a>)</td>",Success,F9 B5B1049.3,Success,24 May 2019,02:30
72,CCAFS,SpaceX CRS-18,"2,268 kg",LEO,"<td id=""mwFQI""><a href=""https://en.wikipedia.org/wiki/Spacecom"" id=""mwFQM"" rel=""mw:WikiLink"" title=""Spacecom"">Spacecom</a></td>",Success,F9 B5B1051.2,No,12 June 2019,14:17
73,CCAFS,AMOS-17,"6,500 kg",GTO,"<td id=""mwFTw""><a href=""https://en.wikipedia.org/wiki/Spacecom"" id=""mwFT0"" rel=""mw:WikiLink"" title=""Spacecom"">SpaceX</a></td>",Success,F9 B5B1056.2,Success,25 July 2019,22:01
74,CCAFS,Starlink,"15,600 kg",LEO,"<td id=""mwFXU""><a href=""https://en.wikipedia.org/wiki/NASA"" id=""mwFXY"" rel=""mw:WikiLink"" title=""NASA"">NASA</a> (<a href=""https://en.wikipedia.org/wiki/Commercial_Resupply_Services"" id=""mwFXc"" rel=""mw:WikiLink"" title=""Commercial Resupply Services"">CRS</a>)</td>",Success,F9 B5B1047.3,Success,6 August 2019,23:23
75,CCAFS,SpaceX CRS-19,"2,617 kg",LEO,"<td id=""mwFbE""><a class=""mw-redirect"" href=""https://en.wikipedia.org/wiki/SKY_Perfect_JSAT_Group"" id=""mwFbI"" rel=""mw:WikiLink"" title=""SKY Perfect JSAT Group"">Sky Perfect JSAT</a><br id=""mwFbM""/><a href=""https://en.wikipedia.org/wiki/Kacific_Broadband_Satellites"" id=""mwFbQ"" rel=""mw:WikiLink"" title=""Kacific Broadband Satellites"">Kacific 1</a></td>",Success,F9 B5,Success,11 November 2019,14:56
76,CCAFS,JCSat-18,"6,956 kg",GTO,"<td id=""mwFgg""><a href=""https://en.wikipedia.org/wiki/SpaceX"" id=""mwFgk"" rel=""mw:WikiLink"" title=""SpaceX"">SpaceX</a></td>",Success,F9 B5[,Success,5 December 2019,17:29
77,CCAFS,Starlink,"15,600 kg",LEO,"<td id=""mwFjE""><a href=""https://en.wikipedia.org/wiki/NASA"" id=""mwFjI"" rel=""mw:WikiLink"" title=""NASA"">NASA</a> (<a class=""mw-redirect"" href=""https://en.wikipedia.org/wiki/ISS_Crew_Transportation_Services"" id=""mwFjM"" rel=""mw:WikiLink"" title=""ISS Crew Transportation Services"">CTS</a>)<sup about=""#mwt2240"" class=""mw-ref reference"" data-mw='{""name"":""ref"",""attrs"":{""name"":""CCD6""},""body"":{""id"":""mw-reference-text-cite_note-CCD6-509""}}' id=""cite_ref-CCD6_509-0"" rel=""dc:references"" typeof=""mw:Extension/ref""><a href=""#cite_note-CCD6-509"" id=""mwFjQ""><span class=""mw-reflink-text"" id=""mwFjU""><span class=""cite-bracket"" id=""mwFjY"">[</span>497<span class=""cite-bracket"" id=""mwFjc"">]</span></span></a></sup></td>",Success,F9 B5B1056.3,No,17 December 2019,00:10
78,KSC,Crew Dragon in-flight abort test,"12,050 kg",Sub-orbital,"<td id=""mwFm4""><a href=""https://en.wikipedia.org/wiki/SpaceX"" id=""mwFm8"" rel=""mw:WikiLink"" title=""SpaceX"">SpaceX</a></td>",Success,F9 B5,Success,7 January 2020,02:19:21
79,CCAFS,Starlink,"15,600 kg",LEO,"<td id=""mwFpM""><a href=""https://en.wikipedia.org/wiki/SpaceX"" id=""mwFpQ"" rel=""mw:WikiLink"" title=""SpaceX"">SpaceX</a></td>",Success,F9 B5,Failure,19 January 2020,15:30
80,CCAFS,Starlink,"15,600 kg",LEO,"<td id=""mwFr4""><a href=""https://en.wikipedia.org/wiki/NASA"" id=""mwFr8"" rel=""mw:WikiLink"" title=""NASA"">NASA</a> (<a href=""https://en.wikipedia.org/wiki/Commercial_Resupply_Services"" id=""mwFsA"" rel=""mw:WikiLink"" title=""Commercial Resupply Services"">CRS</a>)</td>",Success,F9 B5,Success,29 January 2020,14:07
81,CCAFS,SpaceX CRS-20,"1,977 kg",LEO,"<td id=""mwFuo""><a href=""https://en.wikipedia.org/wiki/SpaceX"" id=""mwFus"" rel=""mw:WikiLink"" title=""SpaceX"">SpaceX</a></td>",Success,F9 B5,Failure,17 February 2020,15:05
82,KSC,Starlink,"15,600 kg",LEO,"<td id=""mwFxc""><a href=""https://en.wikipedia.org/wiki/SpaceX"" id=""mwFxg"" rel=""mw:WikiLink"" title=""SpaceX"">SpaceX</a></td>",Success,F9 B5,Success,7 March 2020,04:50
83,KSC,Starlink,"15,600 kg",LEO,"<td id=""mwF0w""><a href=""https://en.wikipedia.org/wiki/NASA"" id=""mwF00"" rel=""mw:WikiLink"" title=""NASA"">NASA</a> (<a class=""mw-redirect"" href=""https://en.wikipedia.org/wiki/Commercial_Crew_Development"" id=""mwF04"" rel=""mw:WikiLink"" title=""Commercial Crew Development"">CCDev</a>)</td>",Success,F9 B5,Success,18 March 2020,12:16
84,KSC,Crew Dragon Demo-2,"12,530 kg",LEO,"<td id=""mwF3w""><a href=""https://en.wikipedia.org/wiki/SpaceX"" id=""mwF30"" rel=""mw:WikiLink"" title=""SpaceX"">SpaceX</a></td>",Success,F9 B5,Success,22 April 2020,19:30
85,CCAFS,Starlink,"15,600 kg",LEO,"<td id=""mwF6w""><a href=""https://en.wikipedia.org/wiki/SpaceX"" id=""mwF60"" rel=""mw:WikiLink"" title=""SpaceX"">SpaceX</a><br id=""mwF64""/><a href=""https://en.wikipedia.org/wiki/Planet_Labs"" id=""mwF68"" rel=""mw:WikiLink"" title=""Planet Labs"">Planet Labs</a></td>",Success,F9 B5[,Success,30 May 2020,19:22
86,CCAFS,Starlink,"15,410 kg",LEO,"<td id=""mwF-I""><a href=""https://en.wikipedia.org/wiki/United_States_Space_Force"" id=""mwF-M"" rel=""mw:WikiLink"" title=""United States Space Force"">U.S. Space Force</a><sup about=""#mwt2389"" class=""mw-ref reference"" data-mw='{""name"":""ref"",""attrs"":{""name"":""clark-20200630""}}' id=""cite_ref-clark-20200630_542-1"" rel=""dc:references"" typeof=""mw:Extension/ref""><a href=""#cite_note-clark-20200630-542"" id=""mwF-Q""><span class=""mw-reflink-text"" id=""mwF-U""><span class=""cite-bracket"" id=""mwF-Y"">[</span>530<span class=""cite-bracket"" id=""mwF-c"">]</span></span></a></sup></td>",Success,F9 B5,Success,4 June 2020,01:25
87,CCAFS,GPS III,"4,311 kg",MEO,"<td id=""mwGD4""><a href=""https://en.wikipedia.org/wiki/Republic_of_Korea_Army"" id=""mwGD8"" rel=""mw:WikiLink"" title=""Republic of Korea Army"">Republic of Korea Army</a></td>",Success,F9 B5,Success,13 June 2020,09:21
88,CCAFS,ANASIS-II,"5,000–6,000 kg",GTO,"<td id=""mwGHo""><a href=""https://en.wikipedia.org/wiki/SpaceX"" id=""mwGHs"" rel=""mw:WikiLink"" title=""SpaceX"">SpaceX</a><br id=""mwGHw""/><a href=""https://en.wikipedia.org/wiki/Spaceflight_Industries"" id=""mwGH0"" rel=""mw:WikiLink"" title=""Spaceflight Industries"">Spaceflight Industries</a> (BlackSky)</td>",Success,F9 B5,Success,30 June 2020,20:10:46
89,KSC,Starlink,"14,932 kg",LEO,"<td id=""mwGKs""><a href=""https://en.wikipedia.org/wiki/SpaceX"" id=""mwGKw"" rel=""mw:WikiLink"" title=""SpaceX"">SpaceX</a><br id=""mwGK0""/><a href=""https://en.wikipedia.org/wiki/Planet_Labs"" id=""mwGK4"" rel=""mw:WikiLink"" title=""Planet Labs"">Planet Labs</a></td>",Success,F9 B5B1058.2,Success,20 July 2020,21:30
90,CCAFS,Starlink,"~15,440 kg",LEO,"<td id=""mwGOs""><a class=""mw-redirect"" href=""https://en.wikipedia.org/wiki/CONAE"" id=""mwGOw"" rel=""mw:WikiLink"" title=""CONAE"">CONAE</a><br id=""mwGO0""/><a class=""new"" data-mw-i18n='{""title"":{""lang"":""x-page"",""key"":""red-link-title"",""params"":[""PlanetIQ""]}}' href=""https://en.wikipedia.org/wiki/PlanetIQ?action=edit&amp;redlink=1"" id=""mwGO4"" rel=""mw:WikiLink"" title=""PlanetIQ (page does not exist)"" typeof=""mw:LocalizedAttrs"">PlanetIQ</a><br id=""mwGO8""/><a href=""https://en.wikipedia.org/wiki/Tyvak"" id=""mwGPA"" rel=""mw:WikiLink"" title=""Tyvak"">Tyvak</a></td>",Success,F9 B5,Success,7 August 2020,05:12
91,CCAFS,SAOCOM 1B,"3,130 kg",SSO,"<td id=""mwGR8""><a href=""https://en.wikipedia.org/wiki/SpaceX"" id=""mwGSA"" rel=""mw:WikiLink"" title=""SpaceX"">SpaceX</a></td>",Success,F9 B5B1049.6,Success,18 August 2020,14:31
92,KSC,Starlink,"15,600 kg",LEO,"<td id=""mwGUc""><a href=""https://en.wikipedia.org/wiki/SpaceX"" id=""mwGUg"" rel=""mw:WikiLink"" title=""SpaceX"">SpaceX</a></td>",Success,F9 B5,Success,30 August 2020,23:18
93,KSC,Starlink,"15,600 kg",LEO,"<td id=""mwGW8""><a href=""https://en.wikipedia.org/wiki/SpaceX"" id=""mwGXA"" rel=""mw:WikiLink"" title=""SpaceX"">SpaceX</a></td>",Success,F9 B5B1060.2,Success,3 September 2020,12:46:14
94,KSC,Starlink,"15,600 kg",LEO,"<td id=""mwGY8""><a href=""https://en.wikipedia.org/wiki/SpaceX"" id=""mwGZA"" rel=""mw:WikiLink"" title=""SpaceX"">SpaceX</a></td>",Success,F9 B5B1058.3,Success,6 October 2020,11:29:34
95,CCAFS,Starlink,"15,600 kg",LEO,"<td id=""mwGbo""><a href=""https://en.wikipedia.org/wiki/United_States_Space_Force"" id=""mwGbs"" rel=""mw:WikiLink"" title=""United States Space Force"">USSF</a></td>",Success,F9 B5B1051.6,Success,18 October 2020,12:25:57
96,CCAFS,GPS III,"4,311 kg",MEO,"<td id=""mwGf4""><a href=""https://en.wikipedia.org/wiki/NASA"" id=""mwGf8"" rel=""mw:WikiLink"" title=""NASA"">NASA</a> (<a href=""https://en.wikipedia.org/wiki/Commercial_Crew_Program"" id=""mwGgA"" rel=""mw:WikiLink"" title=""Commercial Crew Program"">CCP</a>)<sup about=""#mwt2606"" class=""mw-ref reference"" data-mw='{""name"":""ref"",""attrs"":{""name"":""CCD6""}}' id=""cite_ref-CCD6_509-1"" rel=""dc:references"" typeof=""mw:Extension/ref""><a href=""#cite_note-CCD6-509"" id=""mwGgE""><span class=""mw-reflink-text"" id=""mwGgI""><span class=""cite-bracket"" id=""mwGgM"">[</span>497<span class=""cite-bracket"" id=""mwGgQ"">]</span></span></a></sup></td>",Success,F9 B5,Success,24 October 2020,15:31:34
97,KSC,Crew-1,"~12,500 kg",LEO,"<td id=""mwGjY""><a href=""https://en.wikipedia.org/wiki/NASA"" id=""mwGjc"" rel=""mw:WikiLink"" title=""NASA"">NASA</a> / <a class=""mw-redirect"" href=""https://en.wikipedia.org/wiki/NOAA"" id=""mwGjg"" rel=""mw:WikiLink"" title=""NOAA"">NOAA</a> / <a class=""mw-redirect"" href=""https://en.wikipedia.org/wiki/ESA"" id=""mwGjk"" rel=""mw:WikiLink"" title=""ESA"">ESA</a> / <a href=""https://en.wikipedia.org/wiki/EUMETSAT"" id=""mwGjo"" rel=""mw:WikiLink"" title=""EUMETSAT"">EUMETSAT</a></td>",Success,F9 B5,Success,5 November 2020,23:24:23
98,VAFB,Sentinel-6 Michael Freilich (Jason-CS A),"1,192 kg",LEO,"<td id=""mwGmc""><a href=""https://en.wikipedia.org/wiki/SpaceX"" id=""mwGmg"" rel=""mw:WikiLink"" title=""SpaceX"">SpaceX</a></td>",Success,F9 B5[,Success,16 November 2020,00:27
99,CCAFS,Starlink,"15,600 kg",LEO,"<td id=""mwGok""><a href=""https://en.wikipedia.org/wiki/NASA"" id=""mwGoo"" rel=""mw:WikiLink"" title=""NASA"">NASA</a> (<a href=""https://en.wikipedia.org/wiki/Commercial_Resupply_Services"" id=""mwGos"" rel=""mw:WikiLink"" title=""Commercial Resupply Services"">CRS</a>)</td>",Success,F9 B5,Success,21 November 2020,17:17:08
100,KSC,SpaceX CRS-21,"2,972 kg",LEO,"<td id=""mwGrg""><a class=""mw-redirect"" href=""https://en.wikipedia.org/wiki/Sirius_XM"" id=""mwGrk"" rel=""mw:WikiLink"" title=""Sirius XM"">Sirius XM</a></td>",Success,F9 B5 ♺[,Success,25 November 2020,02:13
101,CCSFS,SXM-7,"7,000 kg",GTO,"<td id=""mwGug""><a href=""https://en.wikipedia.org/wiki/National_Reconnaissance_Office"" id=""mwGuk"" rel=""mw:WikiLink"" title=""National Reconnaissance Office"">NRO</a></td>",Success,F9 B5 ♺[,Success,6 December 2020,16:17:08
102,KSC,NROL-108,C,LEO,"<td id=""mwGyw""><a href=""https://en.wikipedia.org/wiki/Türksat_(company)"" id=""mwGy0"" rel=""mw:WikiLink"" title=""Türksat (company)"">Türksat</a></td>",Success,F9 B5 ♺,Success,13 December 2020,17:30:00
103,CCSFS,Türksat 5A,"3,500 kg",GTO,"<td id=""mwG2E""><a href=""https://en.wikipedia.org/wiki/SpaceX"" id=""mwG2I"" rel=""mw:WikiLink"" title=""SpaceX"">SpaceX</a></td>",Success,F9 B5 ♺,Success,19 December 2020,14:00:00
104,KSC,Starlink,"15,600 kg",LEO,"<td id=""mwG4s"">Various</td>",Success,F9 B5,Success,8 January 2021,02:15
105,CCSFS,Transporter-1,"~5,000 kg",SSO,"<td id=""mwG-M""><a href=""https://en.wikipedia.org/wiki/SpaceX"" id=""mwG-Q"" rel=""mw:WikiLink"" title=""SpaceX"">SpaceX</a></td>",Success,F9 B5B1051.8,Success,20 January 2021,13:02
106,CCSFS,Starlink,"15,600 kg",LEO,"<td id=""mwHAk""><a href=""https://en.wikipedia.org/wiki/SpaceX"" id=""mwHAo"" rel=""mw:WikiLink"" title=""SpaceX"">SpaceX</a></td>",Success,F9 B5B1058.5,Failure,24 January 2021,15:00
107,CCSFS,Starlink,"15,600 kg",LEO,"<td id=""mwHEc""><a href=""https://en.wikipedia.org/wiki/SpaceX"" id=""mwHEg"" rel=""mw:WikiLink"" title=""SpaceX"">SpaceX</a></td>",Success,F9 B5 ♺[,Success,4 February 2021,06:19
108,KSC,Starlink,"15,600 kg",LEO,"<td id=""mwHG8""><a href=""https://en.wikipedia.org/wiki/SpaceX"" id=""mwHHA"" rel=""mw:WikiLink"" title=""SpaceX"">SpaceX</a></td>",Success,F9 B5 ♺,Success,16 February 2021,03:59:37
109,CCSFS,Starlink,"15,600 kg",LEO,"<td id=""mwHI8""><a href=""https://en.wikipedia.org/wiki/SpaceX"" id=""mwHJA"" rel=""mw:WikiLink"" title=""SpaceX"">SpaceX</a></td>",Success,F9 B5 ♺[,Success,4 March 2021,08:24
110,KSC,Starlink,"15,600 kg",LEO,"<td id=""mwHLM""><a href=""https://en.wikipedia.org/wiki/SpaceX"" id=""mwHLQ"" rel=""mw:WikiLink"" title=""SpaceX"">SpaceX</a></td>",Success,F9 B5 ♺[,Success,11 March 2021,08:13:29
111,CCSFS,Starlink,"15,600 kg",LEO,"<td id=""mwHNA""><a href=""https://en.wikipedia.org/wiki/SpaceX"" id=""mwHNE"" rel=""mw:WikiLink"" title=""SpaceX"">SpaceX</a></td>",Success,F9 B5 ♺,Success,14 March 2021,10:01
112,CCSFS,Starlink,"15,600 kg",LEO,"<td id=""mwHP0""><a href=""https://en.wikipedia.org/wiki/NASA"" id=""mwHP4"" rel=""mw:WikiLink"" title=""NASA"">NASA</a> (<a class=""mw-redirect"" href=""https://en.wikipedia.org/wiki/ISS_Crew_Transportation_Services"" id=""mwHP8"" rel=""mw:WikiLink"" title=""ISS Crew Transportation Services"">CTS</a>)<sup about=""#mwt2881"" class=""mw-ref reference"" data-mw='{""name"":""ref"",""attrs"":{""name"":""CCD6""}}' id=""cite_ref-CCD6_509-2"" rel=""dc:references"" typeof=""mw:Extension/ref""><a href=""#cite_note-CCD6-509"" id=""mwHQA""><span class=""mw-reflink-text"" id=""mwHQE""><span class=""cite-bracket"" id=""mwHQI"">[</span>497<span class=""cite-bracket"" id=""mwHQM"">]</span></span></a></sup></td>",Success,F9 B5B1060.6,Success,24 March 2021,08:28
113,KSC,Crew-2,"~13,000 kg",LEO,"<td id=""mwHTE""><a href=""https://en.wikipedia.org/wiki/SpaceX"" id=""mwHTI"" rel=""mw:WikiLink"" title=""SpaceX"">SpaceX</a></td>",Success,F9 B5 ♺,Success,7 April 2021,16:34
114,CCSFS,Starlink,"15,600 kg",LEO,"<td id=""mwHVc""><a href=""https://en.wikipedia.org/wiki/SpaceX"" id=""mwHVg"" rel=""mw:WikiLink"" title=""SpaceX"">SpaceX</a></td>",Success,F9 B5B1061.2,Success,23 April 2021,9:49
115,KSC,Starlink,"15,600 kg",LEO,"<td id=""mwHXc""><a href=""https://en.wikipedia.org/wiki/SpaceX"" id=""mwHXg"" rel=""mw:WikiLink"" title=""SpaceX"">SpaceX</a></td>",Success,F9 B5B1060.7,Success,29 April 2021,03:44
116,CCSFS,Starlink,"15,600 kg",LEO,"<td id=""mwHaY""><a href=""https://en.wikipedia.org/wiki/SpaceX"" id=""mwHac"" rel=""mw:WikiLink"" title=""SpaceX"">SpaceX</a><br id=""mwHag""/> <a href=""https://en.wikipedia.org/wiki/Capella_Space"" id=""mwHak"" rel=""mw:WikiLink"" title=""Capella Space"">Capella Space</a> and <a href=""https://en.wikipedia.org/wiki/Tyvak"" id=""mwHao"" rel=""mw:WikiLink"" title=""Tyvak"">Tyvak</a></td>",Success,F9 B5B1049.9,Success,4 May 2021,19:01
117,KSC,Starlink,"~14,000 kg",LEO,"<td id=""mwHdU""><a href=""https://en.wikipedia.org/wiki/SpaceX"" id=""mwHdY"" rel=""mw:WikiLink"" title=""SpaceX"">SpaceX</a></td>",Success,F9 B5B1051.10,Success,9 May 2021,06:42
118,CCSFS,Starlink,"15,600 kg",LEO,"<td id=""mwHgE""><a href=""https://en.wikipedia.org/wiki/NASA"" id=""mwHgI"" rel=""mw:WikiLink"" title=""NASA"">NASA</a> (<a href=""https://en.wikipedia.org/wiki/Commercial_Resupply_Services"" id=""mwHgM"" rel=""mw:WikiLink"" title=""Commercial Resupply Services"">CRS</a>)</td>",Success,F9 B5B1058.8,Success,15 May 2021,22:56
119,KSC,SpaceX CRS-22,"3,328 kg",LEO,"<td id=""mwHjU""><a class=""mw-redirect"" href=""https://en.wikipedia.org/wiki/Sirius_XM"" id=""mwHjY"" rel=""mw:WikiLink"" title=""Sirius XM"">Sirius XM</a></td>",Success,F9 B5B1063.2,Success,26 May 2021,18:59
120,CCSFS,SXM-8,"7,000 kg",GTO,,,F9 B5B1067.1,,3 June 2021,17:29
121,,,,,,,F9 B5,,6 June 2021,04:26
